"","p_val","avg_logFC","pct.1","pct.2","p_val_adj","cluster","gene","pct.diff"
"JUN",0,0.719775198868475,0.947,0.803,0,"0","JUN",0.144
"JUNB",0,0.711329762884748,0.979,0.88,0,"0","JUNB",0.099
"FOS",0,0.704321756579457,0.919,0.746,0,"0","FOS",0.173
"HSP90AA1",0,0.572343852403828,0.996,0.989,0,"0","HSP90AA1",0.00700000000000001
"FOSB",0,0.543669321691663,0.906,0.736,0,"0","FOSB",0.17
"DNAJB1",0,0.509205118070343,0.935,0.761,0,"0","DNAJB1",0.174
"INTS6",3.91996275856862e-291,0.61222566079533,0.834,0.641,7.63687144624338e-287,"0","INTS6",0.193
"EGR1",4.29824833141481e-274,0.577101232438943,0.639,0.364,8.37384739926234e-270,"0","EGR1",0.275
"H3F3B",8.62362034225532e-264,0.372338427494127,0.995,0.983,1.68005371507818e-259,"0","H3F3B",0.012
"DUSP1",1.78270712677154e-244,0.484023077114563,0.753,0.527,3.47307002437632e-240,"0","DUSP1",0.226
"FUS",1.15040230872964e-243,0.439500310809684,0.928,0.827,2.24121377786709e-239,"0","FUS",0.101
"HEXIM1",1.28639653983458e-242,0.478209808946307,0.75,0.521,2.50615773890573e-238,"0","HEXIM1",0.229
"JUND",4.79610832622506e-239,0.381027209786,0.978,0.91,9.34377824115165e-235,"0","JUND",0.0679999999999999
"UBE2S",4.89271550732345e-213,0.434860606907767,0.674,0.448,9.53198835136754e-209,"0","UBE2S",0.226
"BTG2",1.4885011487988e-207,0.446906727458461,0.801,0.606,2.89989793808981e-203,"0","BTG2",0.195
"DNAJA1",5.20055631477876e-206,0.497643949719414,0.88,0.747,1.0131723812452e-201,"0","DNAJA1",0.133
"NR4A1",2.84373107128481e-199,0.411669558822325,0.537,0.302,5.54015687307706e-195,"0","NR4A1",0.235
"HSPA1B",1.37156411191276e-193,0.459036192004746,0.844,0.66,2.67208120282844e-189,"0","HSPA1B",0.184
"SRSF7",1.20865429373985e-189,0.383573219013716,0.934,0.839,2.35470029506397e-185,"0","SRSF7",0.0950000000000001
"GADD45B",6.26825986037217e-185,0.45545529777644,0.827,0.662,1.22118238599771e-180,"0","GADD45B",0.165
"YME1L1",2.20523093764648e-184,0.456135773815992,0.7,0.52,4.29623091272288e-180,"0","YME1L1",0.18
"IER2",3.18045874087467e-182,0.377720636334943,0.932,0.833,6.19616971897203e-178,"0","IER2",0.0990000000000001
"DDX3Y",5.03092501880191e-181,0.321786261007581,0.486,0.256,9.80124812162988e-177,"0","DDX3Y",0.23
"HSP90AB1",1.46566330668804e-179,0.38380425222696,0.963,0.912,2.85540525408963e-175,"0","HSP90AB1",0.0509999999999999
"YPEL5",2.68476378511082e-176,0.502958838259223,0.622,0.428,5.23045680615289e-172,"0","YPEL5",0.194
"SRSF3",4.06558903218641e-169,0.370321659136039,0.809,0.679,7.92058055250556e-165,"0","SRSF3",0.13
"TUBB4B",3.15534663938336e-167,0.368124333569914,0.748,0.554,6.14724632284667e-163,"0","TUBB4B",0.194
"BRD2",8.78378186400827e-167,0.38497284566478,0.849,0.724,1.71125638274609e-162,"0","BRD2",0.125
"PPP1R15A",3.0128601363986e-165,0.349747788467809,0.711,0.504,5.86965411773175e-161,"0","PPP1R15A",0.207
"WDR74",1.6730396917863e-164,0.295304124548013,0.419,0.214,3.25941592753808e-160,"0","WDR74",0.205
"SERTAD1",1.9269642369146e-162,0.300514078645366,0.492,0.272,3.75411172635702e-158,"0","SERTAD1",0.22
"DDIT3",3.40786674494338e-161,0.29979331806425,0.347,0.155,6.63920599249869e-157,"0","DDIT3",0.192
"EIF5",2.30445434387847e-156,0.30940565466194,0.763,0.604,4.48953795274405e-152,"0","EIF5",0.159
"TOB1",7.00701895674062e-156,0.333152104083256,0.525,0.32,1.36510743315221e-151,"0","TOB1",0.205
"TSPYL2",8.79577954581523e-156,0.383820647942708,0.576,0.364,1.71359377111572e-151,"0","TSPYL2",0.212
"ZFAS1",3.95061985696766e-155,0.416409843587656,0.721,0.572,7.6965976053444e-151,"0","ZFAS1",0.149
"SOCS3",9.7058648798257e-147,0.271206465765209,0.382,0.189,1.89089659588764e-142,"0","SOCS3",0.193
"BTG1",3.91168726648336e-145,0.263150722754033,0.989,0.96,7.62074913256288e-141,"0","BTG1",0.029
"SAP18",1.12842570380997e-144,0.444275948028637,0.698,0.57,2.19839895616258e-140,"0","SAP18",0.128
"HSPH1",3.99833281586377e-144,0.375633031621128,0.645,0.453,7.7895519918658e-140,"0","HSPH1",0.192
"HSPA1A",7.13802348491867e-144,0.45526936896269,0.821,0.675,1.39062973533185e-139,"0","HSPA1A",0.146
"NABP1",7.19880397366468e-142,0.363173064570851,0.644,0.463,1.40247099014935e-137,"0","NABP1",0.181
"ZFP36",1.35798751139969e-141,0.336479181891899,0.773,0.612,2.64563126970887e-137,"0","ZFP36",0.161
"EIF4A3",3.39594969965418e-140,0.367243128728865,0.459,0.278,6.61598920486627e-136,"0","EIF4A3",0.181
"KCNQ1OT1",1.56589461130992e-138,0.443509723272963,0.472,0.28,3.05067588175399e-134,"0","KCNQ1OT1",0.192
"H2AFX",4.31092103292107e-137,0.28703644253669,0.487,0.29,8.39853635633682e-133,"0","H2AFX",0.197
"NEU1",1.1820584271747e-136,0.336840376787894,0.557,0.353,2.30288622782175e-132,"0","NEU1",0.204
"TRA2B",7.88098481507278e-136,0.304623512278887,0.751,0.597,1.53537346167248e-131,"0","TRA2B",0.154
"CITED2",3.36979196737989e-135,0.386024476027732,0.524,0.34,6.5650287108495e-131,"0","CITED2",0.184
"KLF2",2.85247171221806e-134,0.347214104939004,0.519,0.326,5.55718538974321e-130,"0","KLF2",0.193
"TCF7",1.84221611358281e-132,0.268709383571428,0.462,0.272,3.58900543248203e-128,"0","TCF7",0.19
"IL7R",3.48361246183224e-130,0.265923749929498,0.798,0.577,6.78677379814158e-126,"0","IL7R",0.221
"ID3",1.82482841443865e-125,0.261583281245224,0.31,0.143,3.55513071700939e-121,"0","ID3",0.167
"UBB",7.96226379107365e-123,0.285724363274339,0.939,0.883,1.55120823177697e-118,"0","UBB",0.0559999999999999
"PPP1R10",1.14056080676835e-120,0.294716719214363,0.812,0.666,2.22204056374609e-116,"0","PPP1R10",0.146
"MYADM",1.51065335043169e-120,0.33677032490272,0.515,0.335,2.94305485731101e-116,"0","MYADM",0.18
"KDM6B",6.73249621871309e-120,0.286639356399798,0.495,0.309,1.31162491332968e-115,"0","KDM6B",0.186
"SLC2A3",3.01067713164066e-118,0.382437538169462,0.625,0.461,5.86540118786234e-114,"0","SLC2A3",0.164
"DDIT4",7.03892914203016e-118,0.336164930659087,0.634,0.472,1.37132417545032e-113,"0","DDIT4",0.162
"IFRD1",4.1658280399673e-113,0.261019004743832,0.474,0.297,8.1158661874643e-109,"0","IFRD1",0.177
"TUBA1A",1.14256591620567e-111,0.319905260957511,0.586,0.42,2.22594691795189e-107,"0","TUBA1A",0.166
"CHMP1B",6.23669753334423e-111,0.361151392129588,0.462,0.297,1.21503341344612e-106,"0","CHMP1B",0.165
"HNRNPH1",6.37439524705952e-111,0.287930545531097,0.857,0.776,1.24185968203213e-106,"0","HNRNPH1",0.081
"HSPA8",2.13408711779052e-110,0.257987584385528,0.942,0.887,4.1576285228795e-106,"0","HSPA8",0.0549999999999999
"CD55",5.77996398570327e-109,0.350172139200845,0.345,0.19,1.12605258369471e-104,"0","CD55",0.155
"HNRNPU",7.27556447336593e-108,0.348753324359477,0.888,0.84,1.41742547070115e-103,"0","HNRNPU",0.048
"SNHG12",1.15279938601301e-104,0.270720384964388,0.475,0.309,2.24588376383054e-100,"0","SNHG12",0.166
"HSPD1",2.7779803461641e-97,0.298543624176681,0.665,0.523,5.41206131039689e-93,"0","HSPD1",0.142
"ILF3-DT",1.39360867455896e-92,0.252307630081881,0.422,0.261,2.71502841977577e-88,"0","ILF3-DT",0.161
"SNHG8",1.37674644606537e-90,0.267180675397513,0.684,0.561,2.68217742622455e-86,"0","SNHG8",0.123
"GADD45G",1.18901375536916e-89,0.286481223020728,0.281,0.144,2.3164365982102e-85,"0","GADD45G",0.137
"SLC38A2",7.05391280760148e-89,0.252009148571209,0.783,0.651,1.37424329317692e-84,"0","SLC38A2",0.132
"SAT1",2.63295049628699e-87,0.275537979468106,0.772,0.644,5.1295141568663e-83,"0","SAT1",0.128
"AREG",4.93943777174082e-87,0.2924905938554,0.275,0.139,9.62301266690547e-83,"0","AREG",0.136
"NR4A2",5.59951036343537e-86,0.413329271933397,0.614,0.469,1.09089660900448e-81,"0","NR4A2",0.145
"NFKBIA",1.35184268355561e-85,0.26609017299437,0.695,0.553,2.63365991610304e-81,"0","NFKBIA",0.142
"ZFP36L1",4.97423338449194e-74,0.276481741808328,0.795,0.711,9.6908014796672e-70,"0","ZFP36L1",0.0840000000000001
"ZNF331",1.98345369486808e-64,0.428353177663835,0.473,0.36,3.864164488342e-60,"0","ZNF331",0.113
"ZC3HAV1",4.80975526505831e-64,0.303266193434025,0.58,0.48,9.37036520738659e-60,"0","ZC3HAV1",0.1
"FAM133B",6.42371668516208e-53,0.265634979866128,0.581,0.488,1.25146848460328e-48,"0","FAM133B",0.093
"CYCS",8.95716422563956e-47,0.291654755763531,0.532,0.44,1.7450347344391e-42,"0","CYCS",0.092
"GPR183",5.92648827858498e-46,0.283662828927416,0.312,0.211,1.15459844643393e-41,"0","GPR183",0.101
"ID2",7.71659019452115e-37,0.280813443568606,0.824,0.787,1.50334610169661e-32,"0","ID2",0.0369999999999999
"CCL4",0,1.27423798015152,0.744,0.282,0,"1","CCL4",0.462
"GZMK",0,0.790223744105381,0.71,0.344,0,"1","GZMK",0.366
"CCL5",0,0.748346772803353,0.991,0.716,0,"1","CCL5",0.275
"NKG7",0,0.632163044216264,0.892,0.387,0,"1","NKG7",0.505
"GZMA",0,0.610982612152904,0.878,0.464,0,"1","GZMA",0.414
"CST7",0,0.534795813834795,0.754,0.355,0,"1","CST7",0.399
"CD8A",1.66871180676014e-306,0.52747071037333,0.567,0.21,3.2509843419301e-302,"1","CD8A",0.357
"CCL4L2",1.71311053363112e-293,0.976812886353083,0.346,0.079,3.33748194162015e-289,"1","CCL4L2",0.267
"DTHD1",2.67288078530907e-278,0.385196505414732,0.398,0.108,5.20730634593913e-274,"1","DTHD1",0.29
"SLAMF7",2.66468377536101e-243,0.342189004417283,0.423,0.137,5.19133693115832e-239,"1","SLAMF7",0.286
"CMC1",8.30937308333843e-229,0.567302935839715,0.493,0.204,1.61883206409599e-224,"1","CMC1",0.289
"EOMES",9.52776157952993e-226,0.305034017831213,0.345,0.098,1.85619851092402e-221,"1","EOMES",0.247
"GZMH",6.43633565830097e-219,0.446147897370042,0.464,0.174,1.2539269129502e-214,"1","GZMH",0.29
"PLEK",1.24136950644171e-216,0.366090129019388,0.421,0.148,2.41843607244975e-212,"1","PLEK",0.273
"CCL3L1",1.52264061181728e-214,0.36617848949624,0.285,0.07,2.96640843994243e-210,"1","CCL3L1",0.215
"HLA-DPB1",9.93075949155777e-210,0.422034625714454,0.627,0.33,1.93471056414528e-205,"1","HLA-DPB1",0.297
"CD74",3.46395471275226e-206,0.470064786111982,0.782,0.505,6.74847657138395e-202,"1","CD74",0.277
"HLA-DPA1",3.12725519333638e-198,0.371847791872206,0.546,0.258,6.09251856765794e-194,"1","HLA-DPA1",0.288
"PTPRC",1.76544187644389e-195,0.331102640793016,0.995,0.968,3.43943386368799e-191,"1","PTPRC",0.027
"HLA-DQA1",4.84539349809494e-193,0.26727564326635,0.316,0.092,9.43979561298856e-189,"1","HLA-DQA1",0.224
"CRTAM",3.22824809861108e-192,0.354294552342413,0.341,0.108,6.28927294571411e-188,"1","CRTAM",0.233
"HLA-DRB1",3.23063265125342e-190,0.391672041891769,0.54,0.252,6.29391853117191e-186,"1","HLA-DRB1",0.288
"HLA-DRB5",7.16794916767415e-177,0.347359190002758,0.498,0.222,1.39645985684628e-172,"1","HLA-DRB5",0.276
"KLRG1",2.75864619092082e-176,0.383683646116752,0.428,0.179,5.37439450915194e-172,"1","KLRG1",0.249
"XCL2",1.81650039150717e-168,0.410628654043873,0.375,0.137,3.53890606273426e-164,"1","XCL2",0.238
"IL32",7.12823059607272e-164,0.325892276456288,0.978,0.884,1.38872188472689e-159,"1","IL32",0.094
"HCST",3.00621025255596e-163,0.358305786682544,0.873,0.697,5.85669881402951e-159,"1","HCST",0.176
"HLA-DRA",5.83177920425715e-163,0.345180527594858,0.419,0.17,1.13614722457338e-158,"1","HLA-DRA",0.249
"CD8B",2.93700766839008e-159,0.295807641466202,0.365,0.138,5.72187833955756e-155,"1","CD8B",0.227
"PYHIN1",5.85945072468387e-155,0.354092354095318,0.583,0.324,1.14153819018291e-150,"1","PYHIN1",0.259
"AOAH",9.37294545368517e-155,0.265791306435115,0.327,0.117,1.82603723328694e-150,"1","AOAH",0.21
"TRGC2",1.49105901379051e-153,0.326621506699198,0.473,0.22,2.90488117066667e-149,"1","TRGC2",0.253
"KLRD1",6.16889503196774e-152,0.444799796683404,0.444,0.199,1.20182413012796e-147,"1","KLRD1",0.245
"CCL3",1.37783536434524e-151,0.579905629342523,0.262,0.08,2.68429885681739e-147,"1","CCL3",0.182
"IFNG",1.7517807777934e-149,0.708311492339427,0.41,0.182,3.4128193112971e-145,"1","IFNG",0.228
"SH2D1A",2.21052235765798e-134,0.304135447922796,0.526,0.286,4.30653965718927e-130,"1","SH2D1A",0.24
"LYST",5.86150456220662e-128,0.317692447186291,0.493,0.26,1.14193831880909e-123,"1","LYST",0.233
"IKZF3",7.31345527114208e-124,0.328063031884957,0.652,0.435,1.4248073559239e-119,"1","IKZF3",0.217
"LCP1",1.63984286845895e-123,0.322212956214254,0.873,0.727,3.19474187633172e-119,"1","LCP1",0.146
"SAMD3",1.80829879362358e-121,0.29191516419041,0.52,0.288,3.52292770973745e-117,"1","SAMD3",0.232
"APOBEC3G",1.10721283357601e-91,0.26415616024568,0.504,0.305,2.15707204237278e-87,"1","APOBEC3G",0.199
"TRDC",3.80966647283354e-60,0.410150169689289,0.255,0.133,7.42199222237431e-56,"1","TRDC",0.122
"STK17A",1.92883324610453e-53,0.254816507400716,0.643,0.528,3.75775293006085e-49,"1","STK17A",0.115
"IL7R1",0,0.748890279000882,0.908,0.615,0,"2","IL7R",0.293
"S100A4",0,0.595557645727765,0.959,0.768,0,"2","S100A4",0.191
"LTB",1.06132980964539e-253,0.665504304366973,0.795,0.47,2.06768273515114e-249,"2","LTB",0.325
"RPLP1",8.64546370903984e-216,0.355235602283352,1,1,1.68430923979514e-211,"2","RPLP1",0
"TPT1",5.3197994785796e-192,0.290818908426312,1,1,1.03640333441688e-187,"2","TPT1",0
"RPS19",1.48743480861701e-154,0.300563857378299,1,0.999,2.89782049414765e-150,"2","RPS19",0.001
"CD52",2.83583480967524e-154,0.364731793296752,0.932,0.743,5.52477337620931e-150,"2","CD52",0.189
"RPS18",6.5699404714979e-153,0.278203562103857,1,0.999,1.27995580265722e-148,"2","RPS18",0.001
"RPL13",9.02281607913064e-151,0.277846501423718,1,1,1.75782502853623e-146,"2","RPL13",0
"RPL39",1.2821261363358e-145,0.265878304342448,1,0.999,2.4978381388094e-141,"2","RPL39",0.001
"RPL32",1.35846293418069e-136,0.26904884165097,1,0.998,2.64655748837082e-132,"2","RPL32",0.002
"RPL10",1.10566990294735e-134,0.271150813438037,1,0.999,2.15406610492202e-130,"2","RPL10",0.001
"RPL30",1.26229221157533e-132,0.265539106363679,0.999,0.999,2.45919768659106e-128,"2","RPL30",0
"RPL34",6.04145035516147e-132,0.255975290383171,0.999,0.998,1.17699535819256e-127,"2","RPL34",0.001
"RPL18A",4.50069766770729e-131,0.265132760667899,0.998,0.995,8.76825919622735e-127,"2","RPL18A",0.003
"RPS27A",1.41932997294479e-130,0.254664318448571,1,0.999,2.76513865329105e-126,"2","RPS27A",0.001
"S100A11",6.13714121182477e-127,0.337675021686681,0.655,0.389,1.1956378508877e-122,"2","S100A11",0.266
"RPS12",3.13793749184975e-126,0.272389095298561,1,0.999,6.11332982162169e-122,"2","RPS12",0.001
"RPL18",3.94369088859227e-126,0.264098924023121,0.996,0.992,7.68309858915545e-122,"2","RPL18",0.004
"RPS14",6.64231202629644e-125,0.260001439148637,0.999,0.998,1.29405522896307e-120,"2","RPS14",0.001
"RPS10",7.26110162201998e-120,0.32314908830981,0.953,0.896,1.41460781800193e-115,"2","RPS10",0.0569999999999999
"RPLP0",1.34342798021912e-119,0.300997564643467,0.977,0.94,2.61726639106289e-115,"2","RPLP0",0.037
"S100A6",1.35015114835443e-116,0.335274666112481,0.89,0.721,2.63036446722411e-112,"2","S100A6",0.169
"RPL12",1.92901435132437e-116,0.250916908359766,0.997,0.99,3.75810575925014e-112,"2","RPL12",0.00700000000000001
"RPL26",7.65892877730068e-116,0.255819332258796,0.997,0.994,1.49211250439372e-111,"2","RPL26",0.003
"SH3BGRL3",8.65274389889762e-89,0.296307799957567,0.934,0.817,1.68572756638323e-84,"2","SH3BGRL3",0.117
"KLRB1",1.47332485983968e-87,0.563446422770589,0.563,0.365,2.87033149193966e-83,"2","KLRB1",0.198
"VIM",3.84829613376722e-81,0.257349250575173,0.941,0.868,7.4972505278053e-77,"2","VIM",0.073
"RORA",1.34913303271694e-73,0.255678555580899,0.64,0.439,2.62838097433914e-69,"2","RORA",0.201
"TXNIP",2.77068536962384e-71,0.281119760893052,0.856,0.756,5.39784923710117e-67,"2","TXNIP",0.1
"GNLY",0,2.73136607760738,0.78,0.077,0,"3","GNLY",0.703
"GZMB",0,1.21520405174317,0.634,0.1,0,"3","GZMB",0.534
"PRF1",0,0.713067491199341,0.562,0.189,0,"3","PRF1",0.373
"KLRD11",0,0.695118005103457,0.595,0.189,0,"3","KLRD1",0.406
"CTSW",0,0.577427527378262,0.494,0.118,0,"3","CTSW",0.376
"NKG71",1.19780729824665e-295,0.931729853375584,0.779,0.434,2.33356817844412e-291,"3","NKG7",0.345
"KLRC2",1.94753222511114e-287,0.424841783544098,0.319,0.057,3.79418228096153e-283,"3","KLRC2",0.262
"TRDC1",4.62194228688506e-273,0.498820134731322,0.44,0.111,9.00446796330947e-269,"3","TRDC",0.329
"ZNF683",1.00828694326451e-268,0.519040284721243,0.351,0.077,1.96434462286791e-264,"3","ZNF683",0.274
"HOPX",5.67421789502016e-211,0.480216989826465,0.494,0.191,1.10545113030783e-206,"3","HOPX",0.303
"KLRC1",3.06139804668142e-201,0.503964098859335,0.323,0.084,5.96421567454475e-197,"3","KLRC1",0.239
"FCGR3A",2.82009342739211e-200,0.488692079413244,0.271,0.06,5.49410601524531e-196,"3","FCGR3A",0.211
"ZEB2",5.43597524187398e-166,0.460387729851613,0.513,0.229,1.05903669662189e-161,"3","ZEB2",0.284
"LITAF",1.40670071106366e-163,0.490080951341026,0.576,0.307,2.74053432529422e-159,"3","LITAF",0.269
"XIST",1.0266563619158e-160,0.456074015879922,0.439,0.162,2.00013192428436e-156,"3","XIST",0.277
"ITGB1",4.72549944171396e-156,0.528925174088763,0.691,0.426,9.20621801234714e-152,"3","ITGB1",0.265
"CCL51",1.34796552962145e-152,0.543590169915059,0.885,0.748,2.62610644480851e-148,"3","CCL5",0.137
"TYROBP",2.21058569040081e-145,0.368726036867814,0.322,0.104,4.30666304203885e-141,"3","TYROBP",0.218
"GZMH1",7.19191291395625e-135,0.456290708210111,0.44,0.194,1.40112847389696e-130,"3","GZMH",0.246
"CD63",7.17603939272614e-125,0.399878172527475,0.588,0.347,1.39803599449091e-120,"3","CD63",0.241
"FOSL2",1.63196686131552e-116,0.395965543994233,0.45,0.223,3.1793978392149e-112,"3","FOSL2",0.227
"METRNL",1.1295025149152e-107,0.3068974910965,0.33,0.136,2.2004967995578e-103,"3","METRNL",0.194
"GZMA1",4.73188189470819e-103,0.508875600907483,0.72,0.513,9.2186523072705e-99,"3","GZMA",0.207
"IFITM2",7.01116184143639e-99,0.360616590824798,0.724,0.536,1.36591454994864e-94,"3","IFITM2",0.188
"LGALS1",2.52045595411699e-97,0.41380980478189,0.506,0.283,4.91035228981072e-93,"3","LGALS1",0.223
"CCL41",1.63059057893104e-95,0.439374634585028,0.567,0.336,3.17671656587344e-91,"3","CCL4",0.231
"C12orf75",2.89078185841201e-95,0.289615509399307,0.386,0.186,5.63182121655828e-91,"3","C12orf75",0.2
"RUNX3",2.08774047156406e-87,0.396711468896468,0.673,0.492,4.06733598670111e-83,"3","RUNX3",0.181
"EFHD2",4.46453501555842e-78,0.361462266603856,0.432,0.259,8.69780711731091e-74,"3","EFHD2",0.173
"AHI1",4.98348248719281e-78,0.293089534115319,0.318,0.149,9.70882058154903e-74,"3","AHI1",0.169
"LDLRAD4",2.72303916260609e-77,0.411641393447809,0.316,0.157,5.30502489658918e-73,"3","LDLRAD4",0.159
"BHLHE40",5.65437897831078e-77,0.291124625503329,0.388,0.207,1.10158611255451e-72,"3","BHLHE40",0.181
"IL2RB",4.29222408301469e-76,0.285014398602726,0.502,0.308,8.36211095852921e-72,"3","IL2RB",0.194
"SH3BGRL31",1.03206228855641e-71,0.256647034793179,0.93,0.821,2.01066375056559e-67,"3","SH3BGRL3",0.109
"SAMSN1",2.63125581016184e-68,0.390572281026215,0.56,0.398,5.1262125693573e-64,"3","SAMSN1",0.162
"NEAT1",1.97577963932052e-63,0.381815741704839,0.944,0.913,3.84921389332424e-59,"3","NEAT1",0.0309999999999999
"SAMD31",2.04184361553285e-62,0.276900750728622,0.48,0.308,3.97791973178109e-58,"3","SAMD3",0.172
"CD521",5.90820756725787e-62,0.304488966718345,0.856,0.76,1.15103699825318e-57,"3","CD52",0.096
"ITGA1",1.45883085432255e-61,0.260317651922335,0.292,0.144,2.8420942703912e-57,"3","ITGA1",0.148
"LINC01871",9.2587703976888e-61,0.30329166288755,0.412,0.246,1.80379364887773e-56,"3","LINC01871",0.166
"CD7",6.82690763878366e-58,0.281078093116567,0.567,0.405,1.33001814618783e-53,"3","CD7",0.162
"VPS37B",5.7762090202142e-57,0.293348212313142,0.408,0.253,1.12532104131813e-52,"3","VPS37B",0.155
"CST71",1.5143376112531e-56,0.30585735619364,0.564,0.408,2.95023253424329e-52,"3","CST7",0.156
"HLA-DRA1",1.67602237427697e-55,0.315471503852746,0.345,0.196,3.2652267895664e-51,"3","HLA-DRA",0.149
"TNFAIP3",1.55460663863848e-49,0.430903935302405,0.691,0.587,3.02868465339548e-45,"3","TNFAIP3",0.104
"CD247",7.54431569323281e-49,0.292567315304514,0.5,0.363,1.46978358335562e-44,"3","CD247",0.137
"PTPN22",2.4554975868529e-48,0.274557701145606,0.504,0.355,4.78380039870681e-44,"3","PTPN22",0.149
"HLA-DRB11",3.07711235003477e-47,0.276399394226283,0.434,0.285,5.99483028033775e-43,"3","HLA-DRB1",0.149
"CLEC2B",1.8431338397706e-45,0.26171186820829,0.505,0.364,3.59079334664109e-41,"3","CLEC2B",0.141
"PLEK1",6.01364337460319e-43,0.28580386174149,0.306,0.182,1.17157800224019e-38,"3","PLEK",0.124
"RBPJ",1.58229096829951e-39,0.300753560401343,0.493,0.363,3.0826192644411e-35,"3","RBPJ",0.13
"REL",2.5446098171455e-34,0.309174714256896,0.673,0.581,4.95740884576286e-30,"3","REL",0.0920000000000001
"CD741",6.17936209304303e-33,0.324862317396558,0.636,0.544,1.20386332296664e-28,"3","CD74",0.092
"HSPA6",0,2.29156955813351,0.687,0.124,0,"4","HSPA6",0.563
"FCER1G",0,0.942439086134836,0.495,0.041,0,"4","FCER1G",0.454
"KLRF1",0,0.841905112663314,0.502,0.064,0,"4","KLRF1",0.438
"CD160",3.50313440469741e-296,0.759559199273555,0.533,0.092,6.82480644723149e-292,"4","CD160",0.441
"TYROBP1",1.12176304684423e-295,0.894105145649367,0.575,0.109,2.18541876786193e-291,"4","TYROBP",0.466
"XCL1",9.49598697781269e-219,0.674081513779167,0.418,0.072,1.85000818301747e-214,"4","XCL1",0.346
"SPRY2",1.69789093922601e-182,0.320951959977075,0.262,0.032,3.30783112780011e-178,"4","SPRY2",0.23
"XCL21",1.01531754246912e-167,0.742607556433679,0.557,0.161,1.97804163623833e-163,"4","XCL2",0.396
"LAT2",1.39428461252384e-165,0.298367504376309,0.287,0.043,2.71634528211895e-161,"4","LAT2",0.244
"CEBPD",3.6442351031882e-162,0.446008432171568,0.376,0.075,7.09969882803125e-158,"4","CEBPD",0.301
"TXK",1.1904012996071e-148,0.454893157645437,0.419,0.102,2.31913981189455e-144,"4","TXK",0.317
"KLRD12",1.96397823178784e-137,0.71672302071732,0.627,0.224,3.82622239116908e-133,"4","KLRD1",0.403
"TRDC2",3.12326620602964e-137,0.561276853238619,0.496,0.138,6.08474722258694e-133,"4","TRDC",0.358
"KLRB11",1.48461155591097e-129,0.737703326800364,0.77,0.377,2.89232023322576e-125,"4","KLRB1",0.393
"NCAM1",7.35985708753671e-126,0.267861665561538,0.282,0.053,1.4338473577939e-121,"4","NCAM1",0.229
"KLRC11",2.81000297783918e-119,0.487495495249318,0.394,0.102,5.4744478014263e-115,"4","KLRC1",0.292
"CMC11",3.58918800553442e-115,0.76892960099671,0.585,0.24,6.99245607238217e-111,"4","CMC1",0.345
"CLIC3",3.99287501180327e-115,0.381789152071781,0.346,0.085,7.77891909799513e-111,"4","CLIC3",0.261
"NKG72",1.96102124010714e-104,0.689022892504174,0.821,0.462,3.82046157997673e-100,"4","NKG7",0.359
"IL2RB1",6.04393946708979e-102,0.801841731028988,0.622,0.319,1.17748028697843e-97,"4","IL2RB",0.303
"DNAJB11",4.54472933404292e-98,0.998001452524019,0.908,0.824,8.85404168858242e-94,"4","DNAJB1",0.0840000000000001
"MATK",9.71093420609711e-96,0.325855843327441,0.441,0.148,1.89188420203184e-91,"4","MATK",0.293
"IFITM3",9.42381311288924e-95,0.258296351904276,0.281,0.066,1.83594727065308e-90,"4","IFITM3",0.215
"CCL31",1.71396932522518e-93,0.578412492567058,0.354,0.101,3.33915503940369e-89,"4","CCL3",0.253
"GSTP1",3.94285853406761e-88,0.562180511887299,0.614,0.319,7.68147699607051e-84,"4","GSTP1",0.295
"HSPE1",1.59965409036251e-85,0.717930381928809,0.902,0.741,3.11644609884425e-81,"4","HSPE1",0.161
"HSPA1A1",1.30873194052187e-84,1.17895781318689,0.847,0.725,2.54967156652471e-80,"4","HSPA1A",0.122
"HSPA1B1",3.57009154004489e-84,0.943607110962506,0.856,0.725,6.95525233831546e-80,"4","HSPA1B",0.131
"CD71",5.22356653503732e-83,0.570077717780817,0.706,0.412,1.01765523235597e-78,"4","CD7",0.294
"MCTP2",6.62002607521498e-83,0.275355208538677,0.329,0.097,1.28971347997338e-78,"4","MCTP2",0.232
"HSP90AB11",1.58108347812677e-82,0.732754230871238,0.984,0.929,3.08026683208658e-78,"4","HSP90AB1",0.0549999999999999
"PTGDR",1.05570715357291e-76,0.277809519887947,0.344,0.11,2.05672867659074e-72,"4","PTGDR",0.234
"UBB1",1.32808358126065e-74,0.523012917638334,0.971,0.901,2.587372433012e-70,"4","UBB",0.07
"HSP90AA11",1.22171965420671e-73,0.752373157516319,0.997,0.992,2.38015423032551e-69,"4","HSP90AA1",0.005
"HSPD11",7.99014955757207e-73,0.797725464170038,0.802,0.566,1.55664093680619e-68,"4","HSPD1",0.236
"TNFSF14",2.08394516369236e-72,0.292083796081792,0.37,0.129,4.05994196790545e-68,"4","TNFSF14",0.241
"ABCB1",7.33110844076049e-70,0.282853581945144,0.376,0.135,1.42824654642896e-65,"4","ABCB1",0.241
"RAB11FIP1",1.55247532656907e-69,0.389121172635392,0.523,0.242,3.02453243122186e-65,"4","RAB11FIP1",0.281
"HSPH11",1.75001648843834e-69,0.978429577509995,0.75,0.515,3.40938212277557e-65,"4","HSPH1",0.235
"CD631",6.58479143271072e-68,0.385845138085897,0.662,0.364,1.2828490669207e-63,"4","CD63",0.298
"MRPL18",8.1063003780692e-64,0.411278096929833,0.527,0.258,1.57926943965544e-59,"4","MRPL18",0.269
"IFITM21",1.78435924660954e-63,0.532341603138191,0.767,0.55,3.4762886842447e-59,"4","IFITM2",0.217
"ZFAND2A",5.90424032146984e-63,0.311765308125298,0.428,0.178,1.15026409942875e-58,"4","ZFAND2A",0.25
"EOMES1",6.76058557061483e-62,0.287105739709258,0.357,0.132,1.31709728086718e-57,"4","EOMES",0.225
"EGR11",2.14459091684664e-61,0.810806446201781,0.713,0.457,4.17809202420063e-57,"4","EGR1",0.256
"SLFN13",2.18826325622245e-61,0.320415125517772,0.287,0.095,4.26317447577257e-57,"4","SLFN13",0.192
"CD2471",5.73051813182918e-60,0.454489637032862,0.614,0.369,1.11641954244296e-55,"4","CD247",0.245
"FOSB1",2.65937177600179e-59,0.491767933120616,0.929,0.795,5.18098809400668e-55,"4","FOSB",0.134
"ARPC5L",1.07012313376257e-57,0.296629242337094,0.496,0.237,2.08481388919625e-53,"4","ARPC5L",0.259
"CD81",1.28875717348921e-55,0.338179436416198,0.672,0.407,2.51075672539168e-51,"4","CD81",0.265
"AOAH1",6.10628869298164e-55,0.262201215174724,0.364,0.145,1.18962716316668e-50,"4","AOAH",0.219
"CACYBP",6.22288716987669e-55,0.395015113485066,0.623,0.362,1.21234287843538e-50,"4","CACYBP",0.261
"TCP1",9.77679359212518e-55,0.388011765302636,0.667,0.406,1.90471492761783e-50,"4","TCP1",0.261
"AHSA1",4.45796146360227e-53,0.289048415910611,0.488,0.241,8.68500052338995e-49,"4","AHSA1",0.247
"ID21",1.11590438678491e-51,0.482978164121914,0.93,0.794,2.17400492633436e-47,"4","ID2",0.136
"DUSP11",1.15286002548692e-51,0.491879178449214,0.822,0.603,2.24600190165363e-47,"4","DUSP1",0.219
"UBE2S1",1.3400767818481e-50,0.496795384602939,0.739,0.524,2.61073758639646e-46,"4","UBE2S",0.215
"MYBL1",1.36037507733169e-50,0.359982206032278,0.425,0.198,2.65028272565761e-46,"4","MYBL1",0.227
"DYNLL1",5.35883910196473e-48,0.498464339785622,0.806,0.601,1.04400903384477e-43,"4","DYNLL1",0.205
"SRGN",8.66670426946145e-48,0.349294805778786,0.959,0.83,1.68844732577648e-43,"4","SRGN",0.129
"MAT2A",7.77433682810648e-47,0.329992261530992,0.581,0.339,1.5145963008517e-42,"4","MAT2A",0.242
"NEU11",9.88143191166603e-46,0.424174848915203,0.655,0.42,1.92510056503078e-41,"4","NEU1",0.235
"MAPK1",1.31207103093646e-45,0.250193724091438,0.475,0.24,2.55617678247042e-41,"4","MAPK1",0.235
"UBC",4.55316629996521e-45,0.397304397436766,0.98,0.961,8.87047858559221e-41,"4","UBC",0.019
"PPP1R15A1",6.10002543718525e-45,0.485117858833728,0.77,0.574,1.18840695567243e-40,"4","PPP1R15A",0.196
"H2AFX1",7.99844792693164e-45,0.352899502809097,0.594,0.354,1.55825762512482e-40,"4","H2AFX",0.24
"ID1",3.77203504016296e-44,0.330805858384795,0.285,0.112,7.34867866524548e-40,"4","ID1",0.173
"MIDN",1.74619332123341e-43,0.320221674935272,0.689,0.441,3.40193382842693e-39,"4","MIDN",0.248
"GZMA2",3.0257017424309e-43,0.346840125794855,0.806,0.527,5.89467213460388e-39,"4","GZMA",0.279
"PLAC8",4.5036979005317e-43,0.315205753696201,0.479,0.255,8.77410424981587e-39,"4","PLAC8",0.224
"GZMK1",8.35229981417872e-43,0.291817603040233,0.694,0.396,1.6271950497983e-38,"4","GZMK",0.298
"IER5",1.15202588417637e-42,0.443560566500671,0.677,0.459,2.24437682755241e-38,"4","IER5",0.218
"IFRD11",1.66767194287596e-42,0.341136033362238,0.584,0.354,3.24895847911094e-38,"4","IFRD1",0.23
"NR4A11",1.76948230056978e-42,0.426746926613322,0.611,0.381,3.44730541797004e-38,"4","NR4A1",0.23
"SERTAD11",2.19158396972455e-42,0.362080128135869,0.575,0.346,4.26964388981738e-38,"4","SERTAD1",0.229
"CCL42",3.98830585771213e-41,0.301519967798443,0.629,0.353,7.77001747199477e-37,"4","CCL4",0.276
"HSPA81",1.51812848964199e-40,0.380483404618077,0.955,0.906,2.95761792352053e-36,"4","HSPA8",0.0489999999999999
"DNAJA11",2.9238952956276e-40,0.491657207688084,0.892,0.793,5.69633281494169e-36,"4","DNAJA1",0.099
"JUNB1",1.31050716405806e-39,0.437473021133809,0.952,0.916,2.5531300570179e-35,"4","JUNB",0.0359999999999999
"IER21",1.71917483954649e-39,0.377329484815229,0.951,0.867,3.34929642240447e-35,"4","IER2",0.084
"H3F3B1",3.97863381201996e-39,0.322790742186096,0.997,0.987,7.75117439257728e-35,"4","H3F3B",0.01
"STK17A1",2.51447557970919e-37,0.31775532227609,0.741,0.539,4.89870132438945e-33,"4","STK17A",0.202
"MYADM1",7.24541478857e-37,0.3592777749762,0.616,0.393,1.41155170910921e-32,"4","MYADM",0.223
"ZFP361",8.40791363384468e-37,0.394063417507698,0.821,0.666,1.63802973414562e-32,"4","ZFP36",0.155
"FOS1",4.04108459600945e-36,0.348210837684714,0.927,0.807,7.87284100994561e-32,"4","FOS",0.12
"CBX4",5.68972264632934e-36,0.290646551901079,0.438,0.244,1.10847176595788e-31,"4","CBX4",0.194
"TOB2",1.27945993957199e-35,0.269445917868318,0.483,0.269,2.49264385427415e-31,"4","TOB2",0.214
"PMAIP1",2.43717589847176e-35,0.442600957224898,0.485,0.285,4.74810608540269e-31,"4","PMAIP1",0.2
"TAF7",3.11669199255442e-34,0.254092573529899,0.668,0.443,6.07193933989452e-30,"4","TAF7",0.225
"GADD45B1",3.14568067236582e-34,0.375779222896252,0.86,0.719,6.1284150859031e-30,"4","GADD45B",0.141
"KDM6B1",4.18138406178793e-34,0.329137649781978,0.576,0.37,8.14617242917525e-30,"4","KDM6B",0.206
"DNAJB4",8.27952568088766e-34,0.267121327128305,0.298,0.138,1.61301719315053e-29,"4","DNAJB4",0.16
"IDI1",9.34519327815726e-34,0.32114294053067,0.619,0.415,1.8206305544506e-29,"4","IDI1",0.204
"HELZ",2.38436372049059e-33,0.260768799781378,0.505,0.306,4.64521740025977e-29,"4","HELZ",0.199
"CKS2",2.51895417650312e-33,0.261832218700258,0.408,0.218,4.90742652666339e-29,"4","CKS2",0.19
"IFNG1",2.80281836619215e-33,0.496541039388243,0.406,0.215,5.46045074101554e-29,"4","IFNG",0.191
"CYCS1",5.25391100258316e-33,0.255490163376289,0.675,0.464,1.02356694152325e-28,"4","CYCS",0.211
"CITED21",1.26168865346978e-31,0.350858720071314,0.607,0.401,2.45802183468982e-27,"4","CITED2",0.206
"H2AFZ",1.02343239623076e-30,0.390710016602532,0.801,0.65,1.99385099433676e-26,"4","H2AFZ",0.151
"HSPB1",1.21125276898763e-30,0.319978906662687,0.525,0.331,2.35976264454169e-26,"4","HSPB1",0.194
"CHORDC1",2.40428507073594e-30,0.332708577707076,0.555,0.367,4.68402817480775e-26,"4","CHORDC1",0.188
"EIF4A31",3.0891888076964e-30,0.312209857900995,0.534,0.338,6.01835763515413e-26,"4","EIF4A3",0.196
"EIF51",3.55309446005253e-30,0.284193555750225,0.805,0.658,6.92213862707434e-26,"4","EIF5",0.147
"MYL12A",5.9928813265838e-30,0.271295943939218,0.929,0.845,1.16753314004506e-25,"4","MYL12A",0.0840000000000001
"EIF3G",7.06476900952226e-30,0.287212616935829,0.601,0.413,1.37635829843513e-25,"4","EIF3G",0.188
"CD69",3.87979566713282e-29,0.446052858884694,0.671,0.506,7.55861791870815e-25,"4","CD69",0.165
"TIPARP",6.03357276984748e-29,0.26034582587913,0.351,0.189,1.17546064702169e-24,"4","TIPARP",0.162
"DNAJB6",1.25222879373109e-28,0.287198291628975,0.693,0.5,2.43959213594691e-24,"4","DNAJB6",0.193
"AC243960.1",2.05933074472516e-28,0.251103995863681,0.461,0.272,4.01198815687355e-24,"4","AC243960.1",0.189
"HCST1",3.7314271902656e-28,0.254586889111748,0.868,0.722,7.26956645207544e-24,"4","HCST",0.146
"IER3",3.97733569407223e-28,0.328365143226293,0.424,0.244,7.74864539919152e-24,"4","IER3",0.18
"PIP4K2A",6.10713616235358e-28,0.252597124790273,0.568,0.386,1.18979226714972e-23,"4","PIP4K2A",0.182
"ZFAND5",7.73153109146875e-28,0.253148419649717,0.623,0.428,1.50625688723994e-23,"4","ZFAND5",0.195
"CHMP1B1",1.61487306395031e-27,0.253135104122457,0.55,0.35,3.146095703188e-23,"4","CHMP1B",0.2
"FTL",2.25537537356019e-27,0.403446823953121,0.939,0.94,4.39392230276996e-23,"4","FTL",-0.001
"NR4A21",7.51368099919502e-27,0.360498378580926,0.683,0.516,1.46381533226317e-22,"4","NR4A2",0.167
"NFKBIA1",8.72778482114805e-27,0.441442921889316,0.739,0.601,1.70034703885606e-22,"4","NFKBIA",0.138
"DNAJA4",2.33490648672283e-26,0.288218414497614,0.259,0.125,4.54886481743341e-22,"4","DNAJA4",0.134
"TUBA4A",1.36134721090264e-25,0.302624108432449,0.61,0.425,2.65217663628052e-21,"4","TUBA4A",0.185
"NUFIP2",2.25317129823727e-24,0.277378456941547,0.686,0.515,4.38962832322585e-20,"4","NUFIP2",0.171
"JUN1",2.55709294249901e-24,0.48929822745052,0.857,0.859,4.98172847057658e-20,"4","JUN",-0.002
"INTS61",5.22375566935686e-24,0.289313616518365,0.834,0.709,1.0176920795041e-19,"4","INTS6",0.125
"SAP181",7.00464032644911e-24,0.284737633779221,0.763,0.611,1.36464402839882e-19,"4","SAP18",0.152
"BTG21",1.21468942359119e-23,0.287045194580985,0.818,0.674,2.36645793504036e-19,"4","BTG2",0.144
"JUND1",4.57022068736526e-23,0.290624549474884,0.936,0.936,8.90370394312501e-19,"4","JUND",0
"AREG1",2.27516322449814e-21,0.356673447765692,0.322,0.185,4.43247299396727e-17,"4","AREG",0.137
"TUBB4B1",1.42158307671848e-20,0.276798673175234,0.764,0.622,2.76952815006294e-16,"4","TUBB4B",0.142
"DUSP2",5.63506951718643e-20,0.299641588179052,0.683,0.543,1.09782424333826e-15,"4","DUSP2",0.14
"KCNQ1OT11",7.69561826485937e-20,0.527062673612133,0.498,0.347,1.4992603503599e-15,"4","KCNQ1OT1",0.151
"REL1",8.8041677351302e-15,0.252631097374401,0.723,0.587,1.71522795815807e-10,"4","REL",0.136
"ZNF3311",2.50000124260119e-14,0.253128910562508,0.54,0.397,4.87050242083564e-10,"4","ZNF331",0.143
"CXCL13",0,1.74493038121738,0.479,0.028,0,"5","CXCL13",0.451
"GEM",4.04677008744476e-194,0.597198492315039,0.323,0.037,7.88391748435989e-190,"5","GEM",0.286
"CTLA4",4.89037741074467e-166,0.641142321223335,0.501,0.102,9.52743327161276e-162,"5","CTLA4",0.399
"DUSP4",2.11352041463707e-165,0.998036124599116,0.646,0.189,4.11756047179595e-161,"5","DUSP4",0.457
"RBPJ1",3.48144276165687e-112,0.907048542037804,0.741,0.367,6.78254678825992e-108,"5","RBPJ",0.374
"TNFRSF18",1.94327177266917e-101,0.500787343382116,0.394,0.097,3.78588206751408e-97,"5","TNFRSF18",0.297
"RGS1",3.33525904316697e-93,0.940209973168642,0.772,0.411,6.4977516678979e-89,"5","RGS1",0.361
"NR3C1",3.1450632968784e-83,0.640473772691526,0.774,0.467,6.1272123149785e-79,"5","NR3C1",0.307
"AHI11",3.13192761838199e-80,0.534347236071776,0.467,0.16,6.10162138613179e-76,"5","AHI1",0.307
"CD2",4.41645157305009e-70,0.589090727949169,0.96,0.813,8.60413095461618e-66,"5","CD2",0.147
"SAMSN11",1.75149604401393e-64,0.602810573190461,0.707,0.41,3.41226459294794e-60,"5","SAMSN1",0.297
"GAPDH",3.77303508659448e-62,0.567675388559976,0.929,0.817,7.35062695570337e-58,"5","GAPDH",0.112
"TNFAIP31",6.95040022718274e-62,0.770217942060885,0.814,0.593,1.35407697225974e-57,"5","TNFAIP3",0.221
"IFI44L",6.5209961832195e-54,0.387705306291293,0.275,0.081,1.27042047641482e-49,"5","IFI44L",0.194
"XIST1",1.56571222433925e-52,0.483764432224446,0.469,0.189,3.05032055545772e-48,"5","XIST",0.28
"IFI6",5.10175162047257e-50,0.453183806066792,0.374,0.147,9.93923250700465e-46,"5","IFI6",0.227
"ADAM19",4.66258752049139e-48,0.258611073124157,0.293,0.095,9.08365300742132e-44,"5","ADAM19",0.198
"MX1",5.12354951530974e-47,0.397358641433554,0.362,0.141,9.98169916572644e-43,"5","MX1",0.221
"MYL6",2.65018919389631e-46,0.430302724843624,0.931,0.834,5.16309858754879e-42,"5","MYL6",0.0970000000000001
"RNF19A",7.62901091586532e-46,0.469700925601406,0.651,0.414,1.48628390662888e-41,"5","RNF19A",0.237
"SRGN1",4.35362543148603e-45,0.434405045899305,0.941,0.833,8.48173306562108e-41,"5","SRGN",0.108
"TIGIT",5.12995273475166e-43,0.391512788101594,0.495,0.241,9.99417391784319e-39,"5","TIGIT",0.254
"IFI44",1.13789895831032e-42,0.312918564587916,0.271,0.092,2.21685475058017e-38,"5","IFI44",0.179
"SH3BGRL32",1.90282396134665e-41,0.41172047493428,0.931,0.833,3.70708164149554e-37,"5","SH3BGRL3",0.0980000000000001
"CREM",4.44618521369034e-41,0.522276348669459,0.665,0.417,8.66205803331152e-37,"5","CREM",0.248
"LIMA1",1.49303308091433e-40,0.29774904961916,0.331,0.13,2.90872704823729e-36,"5","LIMA1",0.201
"PFN1",1.79567185976063e-39,0.43085491772318,0.929,0.85,3.49832791718566e-35,"5","PFN1",0.0790000000000001
"ZEB21",3.01923746283843e-39,0.453789685454105,0.495,0.259,5.88207842510183e-35,"5","ZEB2",0.236
"REL2",5.41980866495579e-38,0.548083093810109,0.768,0.587,1.05588712410669e-33,"5","REL",0.181
"ALOX5AP",3.90715095906406e-37,0.450413129146896,0.568,0.35,7.61191149844861e-33,"5","ALOX5AP",0.218
"BIRC3",8.61740119831521e-36,0.554687834804208,0.687,0.491,1.67884210145577e-31,"5","BIRC3",0.196
"MT2A",5.57365530545134e-34,0.534026890821479,0.483,0.279,1.08585952660803e-29,"5","MT2A",0.204
"BHLHE401",7.59586970045318e-34,0.304044388267453,0.444,0.223,1.47982733504229e-29,"5","BHLHE40",0.221
"SLA",1.87210737675915e-33,0.377610941592743,0.598,0.384,3.64723959140218e-29,"5","SLA",0.214
"FKBP5",3.63812850310227e-33,0.350925236645382,0.471,0.262,7.08780194974385e-29,"5","FKBP5",0.209
"TRAC",1.55346541429064e-32,0.396005883938976,0.794,0.648,3.02646132012102e-28,"5","TRAC",0.146
"NFKBIZ",3.70704689168778e-32,0.431740199045642,0.539,0.336,7.22206875438613e-28,"5","NFKBIZ",0.203
"HLA-A",5.6439083933366e-32,0.275617827950669,0.994,0.988,1.09954623318984e-27,"5","HLA-A",0.00600000000000001
"ISG15",7.83428995043407e-32,0.588987998464326,0.497,0.305,1.52627636814357e-27,"5","ISG15",0.192
"ICOS",1.78712684409386e-31,0.272677657359946,0.315,0.134,3.48168051766366e-27,"5","ICOS",0.181
"MTHFD2",1.97340229018056e-31,0.262847577901077,0.309,0.132,3.84458234172977e-27,"5","MTHFD2",0.177
"ARID5B",2.66335757913867e-31,0.406980873411596,0.485,0.279,5.18875323567796e-27,"5","ARID5B",0.206
"EPSTI1",6.37055027604373e-31,0.326554920122201,0.388,0.195,1.24111060477884e-26,"5","EPSTI1",0.193
"ATP1B3",2.8315103223425e-29,0.355270275804775,0.527,0.317,5.51634840998765e-25,"5","ATP1B3",0.21
"PDE4D",3.13745467353453e-29,0.340734872122624,0.428,0.233,6.11238919497998e-25,"5","PDE4D",0.195
"SERF2",4.2311947893807e-28,0.294764512557299,0.917,0.838,8.24321368867148e-24,"5","SERF2",0.0790000000000001
"ATP5F1E",6.17863943476051e-28,0.279674275813411,0.974,0.947,1.20372253468004e-23,"5","ATP5F1E",0.027
"IFI16",1.29379116040167e-27,0.369154224494931,0.671,0.518,2.52056393869453e-23,"5","IFI16",0.153
"CD82",1.5154607288631e-27,0.259864998150308,0.347,0.17,2.95242059197109e-23,"5","CD82",0.177
"LINC018711",4.61464294099103e-26,0.411480325760173,0.442,0.262,8.99024737763873e-22,"5","LINC01871",0.18
"PKM",6.29231074486754e-26,0.325245241426026,0.459,0.278,1.22586797931509e-21,"5","PKM",0.181
"S100A111",5.08628041623193e-25,0.374476483130269,0.6,0.426,9.90909150690304e-21,"5","S100A11",0.174
"PAG1",8.44098220947223e-25,0.335869744842949,0.507,0.337,1.64447215404938e-20,"5","PAG1",0.17
"XAF1",1.58192163111284e-24,0.354876408178488,0.451,0.272,3.08189972173404e-20,"5","XAF1",0.179
"RGCC",3.28541023315214e-24,0.362994774007033,0.537,0.351,6.40063621622699e-20,"5","RGCC",0.186
"PRDM1",7.92452201310368e-24,0.338772853674053,0.44,0.266,1.54385537859286e-19,"5","PRDM1",0.174
"ITM2A",1.46053039225587e-23,0.355187867520419,0.509,0.34,2.84540531019288e-19,"5","ITM2A",0.169
"LDLRAD41",3.84167590820376e-23,0.265925046868458,0.339,0.172,7.48435300436257e-19,"5","LDLRAD4",0.167
"PSMA7",5.12896064378826e-23,0.311568049855421,0.677,0.541,9.99224112622828e-19,"5","PSMA7",0.136
"PHLDA1",6.48523594263711e-23,0.251303406264428,0.319,0.159,1.26345366634456e-18,"5","PHLDA1",0.16
"EZH2",9.36781813648871e-23,0.258244129640404,0.273,0.128,1.82503832935073e-18,"5","EZH2",0.145
"RGS2",2.92256556273377e-22,0.348415774484967,0.533,0.354,5.69374222931792e-18,"5","RGS2",0.179
"TNFRSF1B",3.1634153489696e-22,0.252320921667217,0.485,0.303,6.16296578286258e-18,"5","TNFRSF1B",0.182
"FABP5",3.69061086113094e-22,0.309304851315017,0.362,0.195,7.19004807965529e-18,"5","FABP5",0.167
"LIMS1",4.2741012545711e-22,0.258302419886656,0.4,0.228,8.32680406415543e-18,"5","LIMS1",0.172
"GNG5",7.99287363525324e-22,0.281172992829781,0.455,0.29,1.55717164162004e-17,"5","GNG5",0.165
"ARPC2",4.34564233237602e-21,0.260953262876225,0.842,0.757,8.46618039193497e-17,"5","ARPC2",0.085
"EIF2AK2",7.60744098849843e-21,0.268217485315571,0.372,0.213,1.48208165337926e-16,"5","EIF2AK2",0.159
"IQGAP1",1.26293553190631e-20,0.329271680836215,0.638,0.518,2.46045100325987e-16,"5","IQGAP1",0.12
"DEK",1.77446782166361e-20,0.373116474135356,0.651,0.526,3.45701821016505e-16,"5","DEK",0.125
"STAT1",1.90896265654924e-20,0.325265932982105,0.558,0.396,3.71904104748922e-16,"5","STAT1",0.162
"MAF",8.92442089981786e-20,0.38441683045945,0.473,0.315,1.73865567970252e-15,"5","MAF",0.158
"CXCR4",1.17644065236073e-19,0.326234850402336,0.733,0.593,2.29194167892917e-15,"5","CXCR4",0.14
"TPM3",1.36990124477852e-19,0.305093751087327,0.772,0.693,2.6688416050775e-15,"5","TPM3",0.0790000000000001
"CD522",1.38145352431582e-19,0.304505065875674,0.869,0.769,2.69134775607209e-15,"5","CD52",0.1
"LY6E",2.11797763952584e-19,0.29931441683771,0.479,0.328,4.12624403732425e-15,"5","LY6E",0.151
"HMGB1",2.78716624969212e-19,0.323246181552644,0.964,0.909,5.42995728765019e-15,"5","HMGB1",0.0549999999999999
"RHOA",2.93176015396569e-19,0.272306150070757,0.63,0.503,5.71165513195596e-15,"5","RHOA",0.127
"TAP1",7.15723466273742e-19,0.25021440551718,0.463,0.306,1.3943724569945e-14,"5","TAP1",0.157
"TANK",1.17192969610593e-18,0.280397740366211,0.448,0.293,2.28315343395357e-14,"5","TANK",0.155
"CDK6",1.65588897192752e-18,0.256177093152149,0.323,0.179,3.22600289510919e-14,"5","CDK6",0.144
"HNRNPM",2.48270418234918e-18,0.27327736436226,0.574,0.434,4.83680428805267e-14,"5","HNRNPM",0.14
"COTL1",4.89841864629858e-17,0.291564261796418,0.578,0.444,9.54309920671889e-13,"5","COTL1",0.134
"CFLAR",4.61764502882343e-16,0.261753330333438,0.606,0.477,8.9960960451538e-12,"5","CFLAR",0.129
"SMC4",6.52052828307453e-16,0.284245233779422,0.352,0.213,1.27032932010858e-11,"5","SMC4",0.139
"LYST1",1.62979737374883e-14,0.250871344284701,0.432,0.298,3.17517124353748e-10,"5","LYST",0.134
"IFITM22",3.52145083144718e-13,0.297135700363471,0.638,0.558,6.8604905098254e-09,"5","IFITM2",0.08
"RNF213",7.55824118802865e-12,0.289300423532616,0.784,0.729,1.47249654825174e-07,"5","RNF213",0.055
"EIF3J",2.25217154712405e-11,0.256119993408505,0.42,0.312,4.38768060810708e-07,"5","EIF3J",0.108
"ISG20",1.04674142794685e-10,0.267732963369655,0.446,0.347,2.03926164992606e-06,"5","ISG20",0.099
"TRBC2",1.42674822018582e-09,0.261160831452146,0.727,0.669,2.77959088256601e-05,"5","TRBC2",0.0579999999999999
"TRBC1",2.85228766461936e-09,0.339534202567219,0.547,0.479,5.55682682821144e-05,"5","TRBC1",0.0680000000000001
"HMGN2",1.49609654050237e-06,0.367572861343763,0.558,0.534,0.0291469528020671,"5","HMGN2",0.024
"HMGB2",0.00358123478807517,0.361815403412389,0.404,0.384,1,"5","HMGB2",0.02
"IL2RA",0,1.12479686352938,0.57,0.03,0,"6","IL2RA",0.54
"CTLA41",0,1.11867232302568,0.715,0.096,0,"6","CTLA4",0.619
"TNFRSF4",0,1.01514926121495,0.522,0.057,0,"6","TNFRSF4",0.465
"FOXP3",0,0.851378251617327,0.589,0.008,0,"6","FOXP3",0.581
"RTKN2",0,0.67887423175895,0.433,0.033,0,"6","RTKN2",0.4
"LAYN",2.0536557420079e-305,0.336573431991611,0.278,0.014,4.00093211657978e-301,"6","LAYN",0.264
"IKZF4",7.84787756592671e-259,0.385153221961917,0.315,0.024,1.52892350739384e-254,"6","IKZF4",0.291
"LAIR2",3.5709062051516e-257,0.502886425800674,0.413,0.043,6.95683946887634e-253,"6","LAIR2",0.37
"TBC1D4",2.61983558848226e-249,0.654766957093393,0.574,0.093,5.10396369348114e-245,"6","TBC1D4",0.481
"TNFRSF181",1.81172989522187e-242,0.795127183252266,0.567,0.092,3.52961218187125e-238,"6","TNFRSF18",0.475
"TNFRSF9",1.46400870813441e-225,0.692454523642684,0.454,0.062,2.85218176518746e-221,"6","TNFRSF9",0.392
"GK",7.55378046201681e-220,0.462177327977345,0.348,0.036,1.47162750961011e-215,"6","GK",0.312
"BATF",2.03227826441149e-201,1.00860448209987,0.633,0.149,3.95928451472646e-197,"6","BATF",0.484
"ICOS1",3.83518104770364e-190,0.785414595584166,0.585,0.125,7.47169971713623e-186,"6","ICOS",0.46
"ZC3H12D",8.42613534848801e-170,0.53438019727217,0.483,0.091,1.64157968859243e-165,"6","ZC3H12D",0.392
"LINC01943",2.56916198652734e-164,0.490308075260432,0.417,0.07,5.00524138215256e-160,"6","LINC01943",0.347
"IKZF2",3.8442128229296e-164,0.640555184691158,0.587,0.137,7.48929542163145e-160,"6","IKZF2",0.45
"STAM",6.27963074107471e-159,0.427068121994324,0.446,0.081,1.22339766097618e-154,"6","STAM",0.365
"DUSP41",6.27148546216802e-146,0.783460304888431,0.661,0.19,1.22181079773957e-141,"6","DUSP4",0.471
"TNFRSF1B1",2.37558607586814e-137,0.845920657394773,0.741,0.294,4.62811679300631e-133,"6","TNFRSF1B",0.447
"DUSP16",6.47937757114603e-132,0.552755696435613,0.546,0.147,1.26231233841067e-127,"6","DUSP16",0.399
"ARID5B1",5.28913799819667e-127,0.792849301281892,0.72,0.272,1.03042986480867e-122,"6","ARID5B",0.448
"TIGIT1",2.15264830570521e-116,0.644211495894269,0.663,0.235,4.1937894291749e-112,"6","TIGIT",0.428
"MIR4435-2HG",3.857319328033e-112,0.527187167243892,0.474,0.126,7.5148295148739e-108,"6","MIR4435-2HG",0.348
"FRMD4B",7.45425353156739e-101,0.407327282135299,0.354,0.076,1.45223767301996e-96,"6","FRMD4B",0.278
"XIST2",1.07793912448831e-98,0.708435543430079,0.572,0.186,2.10004100232812e-94,"6","XIST",0.386
"DNPH1",1.24224994534485e-92,0.357256328195173,0.383,0.095,2.42015134352084e-88,"6","DNPH1",0.288
"IL321",1.72713941117152e-86,0.736929709957215,0.985,0.899,3.36481300084435e-82,"6","IL32",0.086
"MAST4",2.77614159053717e-86,0.305382264736856,0.309,0.066,5.40847904668452e-82,"6","MAST4",0.243
"NAMPT",2.58330468879245e-85,0.618414058813945,0.607,0.252,5.03279419470546e-81,"6","NAMPT",0.355
"APOLD1",2.59771667881897e-79,0.391754088575923,0.37,0.1,5.06087163367513e-75,"6","APOLD1",0.27
"SNX9",1.04651483598798e-77,0.311975527319411,0.339,0.086,2.03882020347179e-73,"6","SNX9",0.253
"CCR6",6.30819045476902e-74,0.435575150304594,0.339,0.09,1.2289616643981e-69,"6","CCR6",0.249
"HLA-A1",6.5086767861646e-74,0.437517231547522,1,0.988,1.26802041148059e-69,"6","HLA-A",0.012
"RGS11",8.86617979368585e-72,0.67241717498762,0.785,0.412,1.72730914740588e-67,"6","RGS1",0.373
"CD27",3.04048504306716e-70,0.421752663553246,0.489,0.181,5.92347296090343e-66,"6","CD27",0.308
"GAPDH1",2.52353045419646e-69,0.658382326263047,0.946,0.817,4.91634203086554e-65,"6","GAPDH",0.129
"PELI1",3.20258144014191e-69,0.29774483676582,0.343,0.095,6.23926916168446e-65,"6","PELI1",0.248
"GLRX",7.0765401374875e-68,0.430163203855101,0.43,0.15,1.37865154958532e-63,"6","GLRX",0.28
"CD21",1.29104817262218e-67,0.587689131521242,0.954,0.814,2.51522004990254e-63,"6","CD2",0.14
"PKM1",1.99623126001897e-67,0.57305596546099,0.583,0.274,3.88905774076897e-63,"6","PKM",0.309
"TRAC1",1.85949231064522e-65,0.551043033856294,0.859,0.646,3.62266291959902e-61,"6","TRAC",0.213
"AC005224.3",4.40586541955682e-63,0.324551526431693,0.254,0.06,8.5835070103806e-59,"6","AC005224.3",0.194
"S100A41",7.39406915392592e-63,0.686028459339455,0.946,0.793,1.44051255256785e-58,"6","S100A4",0.153
"CD4",1.63506480436771e-62,0.343209647544167,0.402,0.135,3.18543325186918e-58,"6","CD4",0.267
"MAF1",4.20486662038941e-62,0.51165534560417,0.633,0.309,8.19192114984266e-58,"6","MAF",0.324
"SPOCK2",6.84632084814002e-62,0.505853532201441,0.707,0.415,1.33380022763464e-57,"6","SPOCK2",0.292
"PHLDA11",1.12461662970941e-59,0.351669814383714,0.437,0.155,2.19097811799987e-55,"6","PHLDA1",0.282
"CYTOR",2.51690843377872e-59,0.536505305184187,0.648,0.344,4.90344101068769e-55,"6","CYTOR",0.304
"SPATS2L",4.55083160011186e-59,0.329826368279746,0.311,0.09,8.86593012333793e-55,"6","SPATS2L",0.221
"UGP2",1.23059471551104e-58,0.558345957067767,0.587,0.295,2.3974446247586e-54,"6","UGP2",0.292
"B2M",2.5905115997198e-56,0.280717272445174,1,1,5.04683469857411e-52,"6","B2M",0
"TRAF3",3.30588369692176e-56,0.274522712922388,0.335,0.103,6.44052261834296e-52,"6","TRAF3",0.232
"LTB1",1.99483395204781e-55,0.626400607264941,0.791,0.513,3.88633550537954e-51,"6","LTB",0.278
"ENO1",3.71850909775441e-54,0.696174575685341,0.672,0.43,7.24439942424515e-50,"6","ENO1",0.242
"TNFAIP32",4.67996665166993e-51,0.59610471004428,0.837,0.592,9.11751103078336e-47,"6","TNFAIP3",0.245
"CREM1",8.72410625637784e-51,0.57869007438683,0.702,0.416,1.69963038086753e-46,"6","CREM",0.286
"MYL61",2.26439719186736e-50,0.515371517693871,0.928,0.835,4.41149860919599e-46,"6","MYL6",0.0930000000000001
"DPYSL2",2.96155167465109e-50,0.267678957688567,0.278,0.081,5.76969497255525e-46,"6","DPYSL2",0.197
"CORO1B",4.35182759889797e-49,0.432904159533135,0.483,0.22,8.47823052817303e-45,"6","CORO1B",0.263
"CD28",2.42507994476741e-48,0.303009076158107,0.441,0.181,4.72454074839587e-44,"6","CD28",0.26
"BIRC31",2.54718995198634e-48,0.566919063727395,0.748,0.489,4.96243546445978e-44,"6","BIRC3",0.259
"RPS27L",2.23916573836926e-47,0.505881982331481,0.648,0.389,4.36234269149099e-43,"6","RPS27L",0.259
"NEAT11",7.40112552941691e-47,0.599557612960374,0.959,0.916,1.441887275641e-42,"6","NEAT1",0.0429999999999999
"PMAIP11",1.14535018825218e-46,0.466105070692361,0.563,0.286,2.2313712367529e-42,"6","PMAIP1",0.277
"PHACTR2",1.43270809299989e-46,0.3413660461971,0.45,0.19,2.79120190678238e-42,"6","PHACTR2",0.26
"SYNGR2",5.38779335820269e-46,0.287733810068416,0.346,0.124,1.04964990204505e-41,"6","SYNGR2",0.222
"BTG3",8.23063604739235e-46,0.33072281646693,0.424,0.175,1.60349251475298e-41,"6","BTG3",0.249
"FAM129A",2.30567826129194e-45,0.39763928112959,0.5,0.238,4.49192238864895e-41,"6","FAM129A",0.262
"PRDM11",2.39005295319915e-45,0.443520867545844,0.533,0.263,4.65630116342259e-41,"6","PRDM1",0.27
"SELL",3.03872170128957e-44,0.323749899360218,0.328,0.116,5.92003761845234e-40,"6","SELL",0.212
"ATP13A3",1.24046839779879e-43,0.271029999611916,0.333,0.12,2.41668053259159e-39,"6","ATP13A3",0.213
"GBP2",3.86453723793187e-43,0.435289555512433,0.567,0.312,7.52889144693886e-39,"6","GBP2",0.255
"IRF4",2.20569872263114e-42,0.310725297173569,0.289,0.095,4.29714225142999e-38,"6","IRF4",0.194
"PHTF2",2.40555483084236e-42,0.312756131128009,0.374,0.152,4.68650192144709e-38,"6","PHTF2",0.222
"USP12",8.05201926944488e-42,0.250668421465082,0.324,0.118,1.56869439407325e-37,"6","USP12",0.206
"CARD16",1.04394088265077e-41,0.370664479715689,0.441,0.205,2.03380562758023e-37,"6","CARD16",0.236
"SMAP2",1.22544445214026e-39,0.381177733530025,0.598,0.351,2.38741088165966e-35,"6","SMAP2",0.247
"RHOG",2.53596476419152e-39,0.295829458597016,0.417,0.186,4.94056655359791e-35,"6","RHOG",0.231
"RPS26",1.63069055840222e-37,0.42032450392302,0.785,0.637,3.1769113458792e-33,"6","RPS26",0.148
"EIF3J1",1.16645723609992e-36,0.40253305021394,0.541,0.308,2.27249198736986e-32,"6","EIF3J",0.233
"LIMA11",1.46094895104959e-36,0.262096354909003,0.33,0.131,2.84622074643481e-32,"6","LIMA1",0.199
"IL2RG",3.69453579280126e-36,0.395742924781814,0.674,0.47,7.19769463153541e-32,"6","IL2RG",0.204
"RAB11FIP11",1.39706061917222e-35,0.407202147884758,0.476,0.248,2.72175349827132e-31,"6","RAB11FIP1",0.228
"OAZ1",2.9775471234541e-35,0.318099031352603,0.902,0.814,5.80085730591328e-31,"6","OAZ1",0.0880000000000001
"RHOH",3.13778631090492e-35,0.348123123124517,0.537,0.298,6.11303529090496e-31,"6","RHOH",0.239
"EPSTI11",4.59936340520148e-34,0.286013472587039,0.415,0.194,8.96047978601353e-30,"6","EPSTI1",0.221
"SEC14L1",6.59012593298839e-34,0.255991141467701,0.326,0.133,1.2838883342648e-29,"6","SEC14L1",0.193
"VMP1",1.50280527432425e-33,0.422452993607778,0.73,0.512,2.9277652354385e-29,"6","VMP1",0.218
"POU2F2",2.24993382580006e-33,0.288453582341812,0.333,0.139,4.38332107942368e-29,"6","POU2F2",0.194
"CYTIP",2.34993684402968e-33,0.384738434847263,0.643,0.436,4.57814695953863e-29,"6","CYTIP",0.207
"MAT2B",7.6488334209434e-32,0.300014303745932,0.48,0.256,1.49014572706819e-27,"6","MAT2B",0.224
"PPM1G",1.10571936424251e-31,0.287481339239771,0.433,0.221,2.15416246541727e-27,"6","PPM1G",0.212
"CCNG2",1.11675768622923e-31,0.295238526079194,0.287,0.116,2.17566732431179e-27,"6","CCNG2",0.171
"SLC5A3",2.17307457812958e-31,0.362069991806304,0.491,0.267,4.23358389311204e-27,"6","SLC5A3",0.224
"RNF2131",7.74164564107102e-30,0.455388064688811,0.835,0.727,1.50822740379346e-25,"6","RNF213",0.108
"CTSC",1.10540502883009e-29,0.424542314843131,0.572,0.368,2.15355007716678e-25,"6","CTSC",0.204
"PRDM2",3.71637868529741e-29,0.403707972108826,0.563,0.368,7.24024895469642e-25,"6","PRDM2",0.195
"TFRC",5.30275213737626e-29,0.390632565912161,0.507,0.297,1.03308217140364e-24,"6","TFRC",0.21
"CFLAR1",1.14620091826099e-28,0.408580424484088,0.665,0.476,2.23302862895606e-24,"6","CFLAR",0.189
"PRDX1",4.19096110248904e-28,0.287578569162036,0.528,0.319,8.16483041986915e-24,"6","PRDX1",0.209
"LGALS3",8.85314693623848e-28,0.288265383097121,0.35,0.166,1.72477008611798e-23,"6","LGALS3",0.184
"PDE4B",1.78810058476529e-27,0.329328437055099,0.548,0.328,3.48357755923973e-23,"6","PDE4B",0.22
"PFN11",2.14378274934682e-27,0.397717750545481,0.913,0.851,4.17651755227748e-23,"6","PFN1",0.0620000000000001
"STK17B",3.39295087294077e-27,0.33908643698109,0.78,0.648,6.6101468906632e-23,"6","STK17B",0.132
"ARPC1B",5.03436609752508e-27,0.357486748251954,0.611,0.437,9.80795203119836e-23,"6","ARPC1B",0.174
"NFAT5",3.38419407778307e-26,0.295065690771298,0.457,0.258,6.59308690233698e-22,"6","NFAT5",0.199
"ATP5F1E1",9.55229309832807e-26,0.33419602507946,0.963,0.948,1.86097774141627e-21,"6","ATP5F1E",0.015
"ZBTB38",1.35965639061679e-25,0.278595222781316,0.511,0.305,2.64888258019964e-21,"6","ZBTB38",0.206
"SUMO2",1.39035112496148e-25,0.295061926426792,0.702,0.552,2.70868206164996e-21,"6","SUMO2",0.15
"PIM3",1.66354447464122e-25,0.256194453680862,0.35,0.171,3.24091734549603e-21,"6","PIM3",0.179
"SAT11",2.3485140525006e-25,0.391419882697176,0.828,0.689,4.57537507708168e-21,"6","SAT1",0.139
"SMC41",2.41941538301155e-25,0.338888202888127,0.396,0.212,4.71350504918309e-21,"6","SMC4",0.184
"TTN",3.09366331023695e-25,0.257820977177775,0.339,0.161,6.02707486100362e-21,"6","TTN",0.178
"LINC00513",3.9649870126135e-25,0.260548889935793,0.346,0.171,7.72458769797362e-21,"6","LINC00513",0.175
"IL2RB2",4.11000629446362e-25,0.282029769072873,0.535,0.327,8.00711426287403e-21,"6","IL2RB",0.208
"RYBP",6.09465438054366e-25,0.274898360899989,0.348,0.171,1.18736056641752e-20,"6","RYBP",0.177
"CD742",9.99223026148482e-25,0.360151261055109,0.726,0.55,1.94668629954247e-20,"6","CD74",0.176
"LGALS11",1.43488090420522e-24,0.605478036497836,0.485,0.307,2.7954349775726e-20,"6","LGALS1",0.178
"SAMSN12",1.59643847963518e-24,0.342139440301037,0.628,0.413,3.11018144602525e-20,"6","SAMSN1",0.215
"LIMS11",1.96399913420242e-24,0.251509805848676,0.422,0.228,3.82626311325316e-20,"6","LIMS1",0.194
"TYMP",3.54358030248827e-24,0.343532436296419,0.417,0.24,6.90360314530765e-20,"6","TYMP",0.177
"ARPP19",4.81339489663673e-24,0.280169000941368,0.409,0.23,9.37745593762768e-20,"6","ARPP19",0.179
"MT2A1",5.37672145826999e-24,0.378065842608377,0.472,0.28,1.04749287450016e-19,"6","MT2A",0.192
"PIM2",7.99941727643764e-24,0.259979014003935,0.348,0.177,1.55844647379558e-19,"6","PIM2",0.171
"S100A61",5.09667549027626e-23,0.411315841162039,0.813,0.746,9.92934319015622e-19,"6","S100A6",0.0669999999999999
"COX8A",7.24632744696459e-23,0.286468554280346,0.596,0.418,1.41172951321764e-18,"6","COX8A",0.178
"SRGN2",9.5814509350001e-23,0.344356042258736,0.913,0.834,1.86665827115672e-18,"6","SRGN",0.0790000000000001
"REL3",3.4771495539686e-22,0.39334505638041,0.759,0.588,6.77418276104162e-18,"6","REL",0.171
"COX17",4.2295236336946e-22,0.303952852146122,0.433,0.256,8.23995794316381e-18,"6","COX17",0.177
"SERBP1",5.31397941713051e-21,0.355155835743705,0.709,0.592,1.03526947004537e-16,"6","SERBP1",0.117
"FAM107B",7.38119927646395e-21,0.326571658433672,0.628,0.477,1.43800524304071e-16,"6","FAM107B",0.151
"MALT1",1.58683498201407e-20,0.268066483975982,0.35,0.193,3.0914719119598e-16,"6","MALT1",0.157
"TXN",2.58902894275624e-20,0.343488558615823,0.489,0.325,5.0439461862777e-16,"6","TXN",0.164
"PAK2",3.26180310459323e-20,0.253801139146492,0.585,0.411,6.35464480836853e-16,"6","PAK2",0.174
"GBP5",3.38568598054547e-20,0.283558777472413,0.537,0.367,6.59599342729869e-16,"6","GBP5",0.17
"CDV3",6.85977911641917e-20,0.267207020776674,0.578,0.408,1.33642216746078e-15,"6","CDV3",0.17
"GPR1831",7.7273828338559e-20,0.272872187763733,0.42,0.244,1.50544872369181e-15,"6","GPR183",0.176
"NDUFB1",1.52598021949667e-19,0.269455056272593,0.47,0.31,2.9729146636234e-15,"6","NDUFB1",0.16
"TPM4",1.79852676867418e-19,0.297398551318483,0.502,0.335,3.50388985073104e-15,"6","TPM4",0.167
"RASGRP1",3.06418674387738e-19,0.273628987364426,0.543,0.381,5.9696486144219e-15,"6","RASGRP1",0.162
"SOD1",3.4135372555172e-19,0.309254330008012,0.67,0.54,6.65025328119861e-15,"6","SOD1",0.13
"DYNC1I2",8.76327985675338e-19,0.260668388593107,0.407,0.244,1.70726218169269e-14,"6","DYNC1I2",0.163
"GADD45A",8.83236776388172e-19,0.282151826512911,0.428,0.256,1.72072188775944e-14,"6","GADD45A",0.172
"YWHAB",2.15485810905764e-18,0.254805939747411,0.761,0.649,4.19809456806609e-14,"6","YWHAB",0.112
"ISG201",4.37645160710495e-18,0.289021331028965,0.504,0.346,8.52620302096187e-14,"6","ISG20",0.158
"EZR",6.17718329863097e-18,0.275471007763108,0.607,0.452,1.20343885023929e-13,"6","EZR",0.155
"ARL6IP5",6.89047391354474e-18,0.277578187682097,0.678,0.55,1.34240212783679e-13,"6","ARL6IP5",0.128
"PPA1",1.31337862923252e-17,0.250421252087194,0.385,0.234,2.5587242454708e-13,"6","PPA1",0.151
"GBP4",3.74433896101811e-17,0.281156765928532,0.357,0.209,7.29472116385548e-13,"6","GBP4",0.148
"SUB1",4.63701370384622e-17,0.270893149213449,0.73,0.636,9.0338300978332e-13,"6","SUB1",0.094
"POMP",9.62831450166078e-17,0.258355002735004,0.474,0.324,1.87578823121355e-12,"6","POMP",0.15
"ATP5ME",1.93766777036281e-16,0.257457436111432,0.541,0.407,3.77496435022083e-12,"6","ATP5ME",0.134
"TRBC21",2.81546875798463e-16,0.335471589618393,0.757,0.668,5.48509623430566e-12,"6","TRBC2",0.089
"CACYBP1",3.8860591951558e-16,0.275908313463498,0.515,0.371,7.57082052400252e-12,"6","CACYBP",0.144
"IFI161",6.55021430808324e-16,0.270583000122724,0.652,0.519,1.27611275150078e-11,"6","IFI16",0.133
"ARHGDIB",6.97972267850791e-16,0.277773810859176,0.807,0.755,1.35978957222691e-11,"6","ARHGDIB",0.052
"NSD3",8.89164447311733e-16,0.250407140585614,0.559,0.424,1.73227017625272e-11,"6","NSD3",0.135
"TOP1",1.0173605439277e-15,0.267002803438908,0.489,0.345,1.98202181167994e-11,"6","TOP1",0.144
"ARF6",1.90816723378728e-15,0.265322515867216,0.583,0.456,3.71749140486437e-11,"6","ARF6",0.127
"CCND2",4.18914521119546e-15,0.303994778431504,0.613,0.486,8.161292700451e-11,"6","CCND2",0.127
"ATP5IF1",1.18844299841834e-14,0.250769754961888,0.511,0.383,2.31532464951861e-10,"6","ATP5IF1",0.128
"ACTB",1.6930070791819e-14,0.27519363454079,1,0.995,3.29831639166218e-10,"6","ACTB",0.005
"ISG151",2.0201458867276e-14,0.288120919862493,0.45,0.307,3.93564821652271e-10,"6","ISG15",0.143
"CBX3",2.47035563190119e-14,0.285571091770952,0.596,0.479,4.81274684206989e-10,"6","CBX3",0.117
"FTH1",3.02162461638027e-14,0.293787355028813,0.978,0.959,5.88672907763204e-10,"6","FTH1",0.019
"JPT1",4.62845425156684e-14,0.250349437890854,0.415,0.28,9.01715457290251e-10,"6","JPT1",0.135
"PARK7",9.63827254823209e-14,0.266172238274496,0.515,0.392,1.87772825784658e-09,"6","PARK7",0.123
"NFE2L2",1.11275382364148e-13,0.252200923180743,0.446,0.303,2.16786699921832e-09,"6","NFE2L2",0.143
"TRBC11",9.02035710085816e-10,0.399233290005264,0.554,0.479,1.75734597038919e-05,"6","TRBC1",0.0750000000000001
"HIST1H4C",4.71159997504938e-07,0.251338627655282,0.402,0.538,0.0091791390713912,"6","HIST1H4C",-0.136
"HMGN21",2.34898306907969e-05,0.313186906187561,0.57,0.534,0.457628881518106,"6","HMGN2",0.0359999999999999
"TUBB",0.00103612245152242,0.351947075908602,0.376,0.33,1,"6","TUBB",0.046
"KIT",0,0.61267125631036,0.431,0.004,0,"7","KIT",0.427
"PCDH9",0,0.546245017938083,0.382,0.006,0,"7","PCDH9",0.376
"TGM2",0,0.295836213438997,0.268,0.003,0,"7","TGM2",0.265
"SCN1B",2.67221220877179e-269,0.619268414798536,0.374,0.01,5.2060038251292e-265,"7","SCN1B",0.364
"TCF4",7.38801647010832e-166,0.377894426222881,0.293,0.011,1.4393333687065e-161,"7","TCF4",0.282
"SPINK2",5.37303724805119e-165,0.382856274495268,0.325,0.013,1.04677511666533e-160,"7","SPINK2",0.312
"IL1R1",4.55251748705666e-163,0.428958188125361,0.358,0.016,8.86921456828378e-159,"7","IL1R1",0.342
"AFF3",1.75074778484052e-126,0.323414241159449,0.301,0.015,3.41080683442631e-122,"7","AFF3",0.286
"LST1",2.41354217838312e-118,0.887941260621881,0.602,0.071,4.702062871926e-114,"7","LST1",0.531
"IL4I1",2.09814522971559e-93,0.416731793173589,0.35,0.028,4.0876065365319e-89,"7","IL4I1",0.322
"FXYD7",9.08015307930005e-69,0.349353227787841,0.325,0.033,1.76899542290924e-64,"7","FXYD7",0.292
"GSN",6.67432034787966e-68,0.465939632493035,0.26,0.022,1.30029109017391e-63,"7","GSN",0.238
"TYROBP2",4.66432128977704e-65,0.631490426339427,0.667,0.128,9.08703073674362e-61,"7","TYROBP",0.539
"KRT86",1.53628504158523e-61,0.397332726555569,0.293,0.029,2.99299051801635e-57,"7","KRT86",0.264
"FCER1G1",9.46447102595201e-58,0.466953429730499,0.423,0.061,1.84386824527597e-53,"7","FCER1G",0.362
"TOX2",3.70797877065435e-53,0.414114620313572,0.366,0.052,7.2238842409888e-49,"7","TOX2",0.314
"CXXC5",5.12067502710339e-50,0.295463626941859,0.285,0.034,9.97609908780282e-46,"7","CXXC5",0.251
"SOX4",2.58954909344076e-46,0.567214562226031,0.317,0.045,5.0449595438413e-42,"7","SOX4",0.272
"MFGE8",3.63280115988765e-41,0.375983460192832,0.268,0.037,7.07742321969313e-37,"7","MFGE8",0.231
"SVIL",5.34131566191941e-40,0.309420271787415,0.333,0.056,1.04059511725514e-35,"7","SVIL",0.277
"TNFSF13B",8.8016502977667e-36,0.495882902561176,0.341,0.065,1.71473751101091e-31,"7","TNFSF13B",0.276
"TNFRSF182",6.09543677386734e-35,0.530097218091504,0.447,0.105,1.18751299228484e-30,"7","TNFRSF18",0.342
"NRIP1",2.4300972011235e-33,0.343354377752108,0.398,0.088,4.73431536722879e-29,"7","NRIP1",0.31
"LTA4H",1.01031908562281e-32,0.353710072855649,0.382,0.085,1.96830364261036e-28,"7","LTA4H",0.297
"SSBP2",3.52912455131542e-31,0.319205261736343,0.341,0.071,6.8754404508727e-27,"7","SSBP2",0.27
"IL18R1",2.18887390878563e-28,0.418012738359309,0.423,0.114,4.26436414909616e-24,"7","IL18R1",0.309
"ICAM1",3.46096162167768e-27,0.316711149316931,0.317,0.069,6.74264543135245e-23,"7","ICAM1",0.248
"AHR",9.75490871464825e-25,0.443963255213591,0.39,0.108,1.90045131578777e-20,"7","AHR",0.282
"TIMP1",1.99834712237761e-24,0.337337988240392,0.407,0.114,3.89317986381606e-20,"7","TIMP1",0.293
"FXYD5",1.90883918704865e-22,0.661912777072539,0.715,0.43,3.71880050420818e-18,"7","FXYD5",0.285
"TNFRSF41",2.06294574278817e-22,0.264356732659291,0.301,0.071,4.01903089609992e-18,"7","TNFRSF4",0.23
"MAP3K8",3.26481732868576e-22,0.425156352051661,0.415,0.131,6.36051711974559e-18,"7","MAP3K8",0.284
"SEC11A",6.49580918342448e-20,0.438839917002751,0.626,0.292,1.26551354511476e-15,"7","SEC11A",0.334
"AREG2",2.00689319842772e-19,0.718227144467101,0.488,0.189,3.90982932917687e-15,"7","AREG",0.299
"KLRB12",2.01676721877648e-19,0.685314840739465,0.764,0.394,3.92906589562034e-15,"7","KLRB1",0.37
"NFKBIA2",5.05457940900802e-18,0.778320378224783,0.886,0.605,9.84733160462942e-14,"7","NFKBIA",0.281
"H2AFY",5.32870588537354e-18,0.392664373831224,0.512,0.218,1.03813848058847e-13,"7","H2AFY",0.294
"SPRY1",8.70561455577273e-18,0.286744988214308,0.268,0.069,1.69602782775564e-13,"7","SPRY1",0.199
"CAPG",3.08176928062218e-16,0.342335675551727,0.325,0.104,6.00390291250814e-12,"7","CAPG",0.221
"NFKB1",7.31271080615707e-15,0.517927608536085,0.48,0.222,1.42466231925552e-10,"7","NFKB1",0.258
"TNFRSF25",8.04778716349408e-15,0.39153942473849,0.463,0.208,1.56786989519192e-10,"7","TNFRSF25",0.255
"IFITM31",1.77112287903405e-13,0.265136307830326,0.252,0.076,3.45050159293413e-09,"7","IFITM3",0.176
"RGS16",3.49040948479464e-13,0.364307897246429,0.333,0.121,6.80001575827691e-09,"7","RGS16",0.212
"XCL11",1.39731367146945e-12,0.461639936184871,0.268,0.088,2.72224649475678e-08,"7","XCL1",0.18
"LTB2",1.44510958076397e-12,0.612232781080989,0.756,0.52,2.81536248524436e-08,"7","LTB",0.236
"TTN1",3.91357485272991e-12,0.41740089448598,0.39,0.165,7.6244265280884e-08,"7","TTN",0.225
"SKAP2",2.71491979125577e-11,0.287023594072405,0.333,0.136,5.2892067373245e-07,"7","SKAP2",0.197
"BST2",2.94512750373585e-11,0.382972190227399,0.488,0.261,5.73769740277818e-07,"7","BST2",0.227
"SKIL",1.78437011970134e-10,0.474380926199116,0.553,0.34,3.47630986720215e-06,"7","SKIL",0.213
"HLA-DRA2",1.82300933241374e-10,0.680473718235128,0.431,0.214,3.55158678140845e-06,"7","HLA-DRA",0.217
"CD632",2.1734189027212e-10,0.46280577767731,0.61,0.377,4.23425470628144e-06,"7","CD63",0.233
"NCOA7",2.38501679351651e-10,0.404046100795562,0.431,0.221,4.64648971712887e-06,"7","NCOA7",0.21
"NAP1L1",3.1740062738046e-10,0.337224851657281,0.87,0.678,6.18359902262611e-06,"7","NAP1L1",0.192
"CD743",3.30146007163843e-10,0.709010092106365,0.789,0.554,6.43190451156599e-06,"7","CD74",0.235
"TCF71",3.52548640457224e-10,0.470803644489668,0.553,0.344,6.86835261338764e-06,"7","TCF7",0.209
"H3F3A",3.70957009231654e-10,0.339021429984864,0.951,0.896,7.22698445385109e-06,"7","H3F3A",0.0549999999999999
"CD811",6.7601804185093e-10,0.328153368821438,0.642,0.419,1.31701834913398e-05,"7","CD81",0.223
"FTH11",7.29706839338137e-10,0.561172226403542,1,0.959,1.42161486439856e-05,"7","FTH1",0.041
"PPP3CA",2.46590276361423e-09,0.271113515122171,0.423,0.214,4.80407176407325e-05,"7","PPP3CA",0.209
"CD83",2.61792572201502e-08,0.682615236484146,0.301,0.144,0.000510024289162966,"7","CD83",0.157
"IL7R2",3.90711853211634e-08,0.581339815360485,0.837,0.661,0.000761184832426905,"7","IL7R",0.176
"TAGLN2",2.55760072227269e-07,0.279949215757166,0.61,0.406,0.00498271772713165,"7","TAGLN2",0.204
"HSPB11",3.38109344901897e-07,0.301255295893312,0.537,0.339,0.00658704625737876,"7","HSPB1",0.198
"S100A112",3.88159847326053e-07,0.541181265225907,0.642,0.43,0.00756213014560616,"7","S100A11",0.212
"GLUL",3.9992007686504e-07,0.258022377060352,0.317,0.157,0.00779124293748472,"7","GLUL",0.16
"NR4A12",8.25080971816185e-07,0.527851806032449,0.553,0.391,0.0160742274929229,"7","NR4A1",0.162
"AC007952.4",1.0566171016155e-06,0.258242950170204,0.35,0.186,0.0205850143736733,"7","AC007952.4",0.164
"ENO11",1.13264167753471e-06,0.298431402180363,0.634,0.436,0.0220661251617313,"7","ENO1",0.198
"FTL1",1.29757713386198e-06,0.96793175173976,0.976,0.94,0.0252793977218991,"7","FTL",0.036
"HSPD12",4.78786235402639e-06,0.36454979724165,0.78,0.576,0.0932771343811421,"7","HSPD1",0.204
"NFKBIZ1",8.07586093787142e-06,0.353949983553572,0.512,0.342,0.157333922791611,"7","NFKBIZ",0.17
"VAMP8",9.48731414298517e-06,0.251312088861464,0.496,0.335,0.184831854133637,"7","VAMP8",0.161
"AC020916.1",2.32351688901334e-05,0.331399995087195,0.39,0.256,0.452667560317579,"7","AC020916.1",0.134
"PRMT9",3.63461975388333e-05,0.258073215404207,0.366,0.228,0.708096620451549,"7","PRMT9",0.138
"ARL4A",3.69029697576109e-05,0.291639545240112,0.366,0.23,0.718943656817776,"7","ARL4A",0.136
"HLA-DQA11",5.05013951221393e-05,0.257617523379601,0.252,0.133,0.983868179769518,"7","HLA-DQA1",0.119
"GPR1832",5.40814748290282e-05,0.317551166540011,0.398,0.248,1,"7","GPR183",0.15
"LMNA",5.52951098693038e-05,0.427593849797232,0.293,0.173,1,"7","LMNA",0.12
"HSP90AB12",0.000117576666460089,0.290633864681586,0.992,0.931,1,"7","HSP90AB1",0.0609999999999999
"HLA-DRB12",0.000156717255190514,0.414830126589406,0.447,0.304,1,"7","HLA-DRB1",0.143
"REL4",0.000203627114184466,0.443761998392281,0.748,0.592,1,"7","REL",0.156
"CTSD",0.000214257123636371,0.276279377616197,0.415,0.279,1,"7","CTSD",0.136
"ZFP36L11",0.000216402593841681,0.376386503347841,0.854,0.742,1,"7","ZFP36L1",0.112
"ARL5B",0.000226328386995054,0.326369078342245,0.293,0.175,1,"7","ARL5B",0.118
"TNFSF10",0.000335153551552637,0.262055781612686,0.293,0.175,1,"7","TNFSF10",0.118
"CHMP1B2",0.00035033493358049,0.257913407828578,0.496,0.359,1,"7","CHMP1B",0.137
"UBB2",0.000358687568778037,0.251530081923241,0.967,0.904,1,"7","UBB",0.0629999999999999
"DUSP12",0.000602813750515193,0.300053273586531,0.748,0.613,1,"7","DUSP1",0.135
"PSAP",0.000669536294223276,0.446809757291851,0.333,0.228,1,"7","PSAP",0.105
"ZFP362",0.000877997833536558,0.447114714419443,0.732,0.674,1,"7","ZFP36",0.0579999999999999
"FOSB2",0.000954920594763757,0.395561449055945,0.87,0.801,1,"7","FOSB",0.069
"CD72",0.00106336091431354,0.294079619828533,0.512,0.427,1,"7","CD7",0.085
"IER51",0.00119017586521105,0.288482560690211,0.569,0.469,1,"7","IER5",0.1
"JUND2",0.00165459043783506,0.291962051776884,0.951,0.936,1,"7","JUND",0.0149999999999999
"FOS2",0.00239858112222702,0.328542860016598,0.846,0.813,1,"7","FOS",0.033
"PRDX11",0.00325116979349048,0.326969789524817,0.415,0.325,1,"7","PRDX1",0.09
"VIM1",0.00363237182520069,0.293663810703327,0.935,0.879,1,"7","VIM",0.056
"LGALS31",0.00838723564615178,0.302902410988157,0.252,0.172,1,"7","LGALS3",0.08
